"Global_Index", "x_coord", "y_coord", "Pressure", "Pressure_Coefficient", "Skin_Friction_Coefficient_X", "Skin_Friction_Coefficient_Y"
13734, 3.516005248740000e-01, 6.543308020310000e-03, 4.676968367811797e+05, -6.506759776909481e-01, -5.695148877980469e-04, -3.288399509143922e-04
13735, 3.521203750140000e-01, 6.842176440310000e-03, 4.680731170452404e+05, -6.492550140584199e-01, -5.696983323296963e-04, -3.285731517373395e-04
13736, 3.526394228130000e-01, 7.142491747520000e-03, 4.683907079250078e+05, -6.480556817168777e-01, -5.644257224147735e-04, -3.303882035929402e-04
13737, 3.531554271320000e-01, 7.448047144480000e-03, 4.685282576198652e+05, -6.475362467830640e-01, -5.562449382595278e-04, -3.344101009298358e-04
13738, 3.536673306480000e-01, 7.760461888380000e-03, 4.685293888879683e+05, -6.475319747258059e-01, -5.540331494229146e-04, -3.424400419719871e-04
13739, 3.541756824370000e-01, 8.078652496940000e-03, 4.684963961543317e+05, -6.476565666300674e-01, -5.576617849983652e-04, -3.525148885389944e-04
13740, 3.546811940770000e-01, 8.401355640260001e-03, 4.684202640482712e+05, -6.479440676348032e-01, -5.621176841362258e-04, -3.609882293670582e-04
13741, 3.551849525410000e-01, 8.726799029380001e-03, 4.684183222412130e+05, -6.479514005657981e-01, -5.812564371130318e-04, -3.759481443007721e-04
13742, 3.556883640320000e-01, 9.052778405500001e-03, 4.685281186977999e+05, -6.475367714005407e-01, -6.025713235543274e-04, -3.890455604017604e-04
13743, 3.561926417430000e-01, 9.377405845500000e-03, 4.689230334383773e+05, -6.460454375786335e-01, -6.038422444379442e-04, -3.886435402805390e-04
13744, 3.566969703560000e-01, 9.701935260819999e-03, 4.693863777408382e+05, -6.442956902067390e-01, -6.014918543903650e-04, -3.895167931002097e-04
13745, 3.571993996080000e-01, 1.002936661960000e-02, 4.696925219809250e+05, -6.431395843116895e-01, -5.970007761052163e-04, -3.930198971517720e-04
13746, 3.576987534570000e-01, 1.036143304890000e-02, 4.698914720965710e+05, -6.423882802810996e-01, -5.959917613596326e-04, -3.995876517554660e-04
13747, 3.581955622810000e-01, 1.069725219970000e-02, 4.700535504665911e+05, -6.417762166375469e-01, -5.996282243500155e-04, -4.075816970390362e-04
13748, 3.586906046700000e-01, 1.103561812590000e-02, 4.702520391342058e+05, -6.410266551933569e-01, -6.036180309530858e-04, -4.136735733497863e-04
13749, 3.591847809890000e-01, 1.137518694780000e-02, 4.705206835820745e+05, -6.400121614051830e-01, -6.203946201244442e-04, -4.261258708102769e-04
13750, 3.596790530120000e-01, 1.171454633840000e-02, 4.709497168186452e+05, -6.383919844133478e-01, -6.304863828326174e-04, -4.321613883977251e-04
13751, 3.601738152760000e-01, 1.205311186780000e-02, 4.715225674603719e+05, -6.362287034589347e-01, -6.308874139365632e-04, -4.320054152397422e-04
13752, 3.606683250080000e-01, 1.239195858340000e-02, 4.721161505713197e+05, -6.339871295734554e-01, -6.303387504042451e-04, -4.334046719725253e-04
13753, 3.611617014700000e-01, 1.273235694290000e-02, 4.727055108587711e+05, -6.317615025211961e-01, -6.279687053551969e-04, -4.357203101090706e-04
13754, 3.616532171980000e-01, 1.307533265410000e-02, 4.732518196429172e+05, -6.296984527454125e-01, -6.251328652966090e-04, -4.389445880976555e-04
13755, 3.621426600610000e-01, 1.342114885990000e-02, 4.737771335325564e+05, -6.277146869087891e-01, -6.228541144727185e-04, -4.429434986703591e-04
13756, 3.626299197270000e-01, 1.376991590450000e-02, 4.742438196631203e+05, -6.259523196451435e-01, -6.221867194848142e-04, -4.481608721047730e-04
13757, 3.631150274380000e-01, 1.412154473470000e-02, 4.746990384332628e+05, -6.242332570766310e-01, -6.232720629466676e-04, -4.535291759122697e-04
13758, 3.635987742040000e-01, 1.447491104010000e-02, 4.751885221555687e+05, -6.223847982693442e-01, -6.319036438516819e-04, -4.619250991347220e-04
13759, 3.640822103330000e-01, 1.482856084230000e-02, 4.758704216359230e+05, -6.198097114120996e-01, -6.432258880202016e-04, -4.695722609456631e-04
13760, 3.645662686600000e-01, 1.518120810870000e-02, 4.766377112736634e+05, -6.169121619656345e-01, -6.439049738666164e-04, -4.683164185162358e-04
13761, 3.650508114140000e-01, 1.553303092350000e-02, 4.775361219166423e+05, -6.135194545273743e-01, -6.420564677389556e-04, -4.663753304254966e-04
13762, 3.655351433630000e-01, 1.588497683070000e-02, 4.784855106341640e+05, -6.099342363546953e-01, -6.396234991052909e-04, -4.659391485566926e-04
13763, 3.660185639410000e-01, 1.623799843810000e-02, 4.794483437396754e+05, -6.062982475511340e-01, -6.346302974749001e-04, -4.655494978776809e-04
13764, 3.665003671190000e-01, 1.659304172570000e-02, 4.803832798773643e+05, -6.027676072883272e-01, -6.283414563759195e-04, -4.658716504318173e-04
13765, 3.669799932090000e-01, 1.695083162030000e-02, 4.812949187268999e+05, -5.993249455945933e-01, -6.223265741587531e-04, -4.673062750612067e-04
13766, 3.674572566100000e-01, 1.731157196730000e-02, 4.822002208091315e+05, -5.959062137126162e-01, -6.165651730423310e-04, -4.692444354726105e-04
13767, 3.679320256130000e-01, 1.767538747830000e-02, 4.831060795142080e+05, -5.924853798314241e-01, -6.107937153888371e-04, -4.714133234751738e-04
13768, 3.684041657130000e-01, 1.804240065140000e-02, 4.839942490833029e+05, -5.891313462087664e-01, -6.054520745182493e-04, -4.741134040098328e-04
13769, 3.688735735990000e-01, 1.841268864460000e-02, 4.848684079654904e+05, -5.858302217563837e-01, -6.016965796319960e-04, -4.775341617148048e-04
13770, 3.693406778820000e-01, 1.878565990980000e-02, 4.857792295240332e+05, -5.823906464344019e-01, -6.000256220085805e-04, -4.808587692284129e-04
13771, 3.698063398870000e-01, 1.916020480520000e-02, 4.867565248678515e+05, -5.787000432472498e-01, -5.993117665163231e-04, -4.826290735422129e-04
13772, 3.702714429840000e-01, 1.953521018390000e-02, 4.878337358275848e+05, -5.746321243459945e-01, -6.013192352573850e-04, -4.842453097469972e-04
13773, 3.707368731310000e-01, 1.990956776010000e-02, 4.890663448002807e+05, -5.699773691259701e-01, -6.000353669435571e-04, -4.812602419232005e-04
13774, 3.712032140290000e-01, 2.028254006350000e-02, 4.904237410182480e+05, -5.648513743691694e-01, -5.953663007940124e-04, -4.755746240341962e-04
13775, 3.716698800680000e-01, 2.065484746890000e-02, 4.918297694562052e+05, -5.595417276311854e-01, -5.824390617768265e-04, -4.652002163777301e-04
13776, 3.721360032000000e-01, 2.102756860410000e-02, 4.932578111786802e+05, -5.541489511632642e-01, -5.702894737398607e-04, -4.576183129560397e-04
13777, 3.726007132190000e-01, 2.140177743310000e-02, 4.946749094380094e+05, -5.487975009742613e-01, -5.607492978091355e-04, -4.541804204313906e-04
13778, 3.730631497520000e-01, 2.177851347810000e-02, 4.960523378616819e+05, -5.435958577221627e-01, -5.475999628629909e-04, -4.492791784096808e-04
13779, 3.735228276000000e-01, 2.215832750540000e-02, 4.974082336636261e+05, -5.384755290520692e-01, -5.342629478202075e-04, -4.446878159106297e-04
13780, 3.739796158360000e-01, 2.254132381880000e-02, 4.987673005093874e+05, -5.333432254303997e-01, -5.207719569756465e-04, -4.399558014282998e-04
13781, 3.744333947230000e-01, 2.292758799070000e-02, 5.001369777591951e+05, -5.281708532754679e-01, -5.070464328477632e-04, -4.349796079250014e-04
13782, 3.748840421350000e-01, 2.331720344530000e-02, 5.015010081063942e+05, -5.230198057660456e-01, -4.935189998871264e-04, -4.298770380760938e-04
13783, 3.753316486470000e-01, 2.371000718100000e-02, 5.028750039616692e+05, -5.178311250722446e-01, -4.807815093401771e-04, -4.241202757383401e-04
13784, 3.757770673240000e-01, 2.410498351180000e-02, 5.043107363567382e+05, -5.124093059807534e-01, -4.699534755154405e-04, -4.177932226130752e-04
13785, 3.762213318460000e-01, 2.450094422090000e-02, 5.058217541867559e+05, -5.067031832057085e-01, -4.604413444924724e-04, -4.103309883202263e-04
13786, 3.766654825780000e-01, 2.489671152140000e-02, 5.074109699849193e+05, -5.007017580205037e-01, -4.480212453805527e-04, -3.982111967538720e-04
13787, 3.771104594000000e-01, 2.529122046560000e-02, 5.090538813705724e+05, -4.944975598377817e-01, -4.269912398426063e-04, -3.784253719996015e-04
13788, 3.775554119230000e-01, 2.568542054400000e-02, 5.106680993898477e+05, -4.884017176705407e-01, -4.001330361567001e-04, -3.564260607013046e-04
13789, 3.779980579460000e-01, 2.608186563770000e-02, 5.122119357820738e+05, -4.825716607224230e-01, -3.814967615520535e-04, -3.442892955086482e-04
13790, 3.784375176750000e-01, 2.648149432110000e-02, 5.137158297129317e+05, -4.768924402396176e-01, -3.647026333861619e-04, -3.339577402888965e-04
13791, 3.788740296220000e-01, 2.688399179390000e-02, 5.152056053429363e+05, -4.712665353143417e-01, -3.490636697429196e-04, -3.227171006771867e-04
13792, 3.793093002600000e-01, 2.728747664650000e-02, 5.167298760285495e+05, -4.655103652005785e-01, -3.302494940672811e-04, -3.055316638584647e-04
13793, 3.797451798530000e-01, 2.768993997650000e-02, 5.183009606733540e+05, -4.595774094834792e-01, -3.036597872570376e-04, -2.803759601154980e-04
13794, 3.801808806140000e-01, 2.809222653050000e-02, 5.198594984611052e+05, -4.536918350118984e-01, -2.752735100608050e-04, -2.551875377985152e-04
13795, 3.806147754170000e-01, 2.849608347650000e-02, 5.213720200470529e+05, -4.479800335375091e-01, -2.487698640106343e-04, -2.331842520495011e-04
13796, 3.810456316430000e-01, 2.890280028190000e-02, 5.227425198291463e+05, -4.428045552179013e-01, -2.251578781762540e-04, -2.141074707337082e-04
13797, 3.814733057750000e-01, 2.931247846560000e-02, 5.240626009910571e+05, -4.378194749407223e-01, -2.002205038890351e-04, -1.931716658248412e-04
13798, 3.818978480530000e-01, 2.972501409300000e-02, 5.253390164456835e+05, -4.329992913853911e-01, -1.739022725183773e-04, -1.699288381733295e-04
13799, 3.823198886960000e-01, 3.013971809910000e-02, 5.266261660821377e+05, -4.281385718693440e-01, -1.466917591294644e-04, -1.444186476177460e-04
13800, 3.827409339310000e-01, 3.055503565010000e-02, 5.278425588415755e+05, -4.235450546452973e-01, -1.184090842062201e-04, -1.165974999700960e-04
13801, 3.831624906920000e-01, 3.096942881650000e-02, 5.289263610663995e+05, -4.194522448611533e-01, -8.833766058882303e-05, -8.665420012278147e-05
13802, 3.835847115430000e-01, 3.138273329980000e-02, 5.298699406992117e+05, -4.158889637893507e-01, -5.677141754362540e-05, -5.559139884879436e-05
13803, 3.840065826500000e-01, 3.179597595470000e-02, 5.309473059009556e+05, -4.118204624172392e-01, -2.538875822018116e-05, -2.494098184011371e-05
13804, 3.844270533200000e-01, 3.221021886570000e-02, 5.317798734791117e+05, -4.086764010268947e-01, 4.603311334952552e-06, 4.559641085527234e-06
13805, 3.848450699770000e-01, 3.262650880110000e-02, 5.324262669453906e+05, -4.062353970848491e-01, 3.494154232931179e-05, 3.504323981203777e-05
13806, 3.852599264860000e-01, 3.304551611200000e-02, 5.330253463144997e+05, -4.039730674390810e-01, 6.633032142118264e-05, 6.746780606816864e-05
13807, 3.856716016400000e-01, 3.346721448070000e-02, 5.334851940698728e+05, -4.022365242310124e-01, 9.840687002537121e-05, 1.014971672911146e-04
13808, 3.860801535270000e-01, 3.389150096220000e-02, 5.338525791419727e+05, -4.008491519012655e-01, 1.308349483969065e-04, 1.367849657118438e-04
13809, 3.864856414630000e-01, 3.431827461900000e-02, 5.340803776965912e+05, -3.999889062477674e-01, 1.638416216912085e-04, 1.735167638637549e-04
13810, 3.868882517320000e-01, 3.474731881830000e-02, 5.341145356213362e+05, -3.998599141813181e-01, 1.983861298295970e-04, 2.123315272203700e-04
13811, 3.872887743550000e-01, 3.517786310770000e-02, 5.339199485064386e+05, -4.005947420211949e-01, 2.351010498562293e-04, 2.532440162385410e-04
13812, 3.876881852050000e-01, 3.560898390040000e-02, 5.335209614811245e+05, -4.021014541902140e-01, 2.737636555702925e-04, 2.954318090085985e-04
13813, 3.880874625040000e-01, 3.603976672380000e-02, 5.328587229418799e+05, -4.046022945749049e-01, 3.140317821970437e-04, 3.380272852528948e-04
13814, 3.884874997710000e-01, 3.646937494400000e-02, 5.319748076983198e+05, -4.079402624018159e-01, 3.525927664065860e-04, 3.779751167953889e-04
13815, 3.888880713540000e-01, 3.689800958190000e-02, 5.308735363665855e+05, -4.120990415390808e-01, 3.892890924470405e-04, 4.168139649172504e-04
13816, 3.892881436040000e-01, 3.732662868420000e-02, 5.295951821762823e+05, -4.169265464268149e-01, 4.254852551024471e-04, 4.572383306922193e-04
13817, 3.896866663810000e-01, 3.775620208720000e-02, 5.280636357068358e+05, -4.227101924015590e-01, 4.600109078067109e-04, 4.985701811628850e-04
13818, 3.900825969810000e-01, 3.818767514500000e-02, 5.262236551921623e+05, -4.296585913627379e-01, 4.943213031860152e-04, 5.423236606135270e-04
13819, 3.904753883990000e-01, 3.862151501070000e-02, 5.239407216806641e+05, -4.382797331157248e-01, 5.317866893950890e-04, 5.911367438891360e-04
13820, 3.908651590140000e-01, 3.905757501520000e-02, 5.210938045604955e+05, -4.490306708580474e-01, 5.716302482937191e-04, 6.433657219036014e-04
13821, 3.912520753050000e-01, 3.949567052200000e-02, 5.175820728439594e+05, -4.622921770623392e-01, 6.150684625303306e-04, 7.003309879349361e-04
13822, 3.916363060950000e-01, 3.993562068000000e-02, 5.131338761423880e+05, -4.790900969825956e-01, 6.672435743207258e-04, 7.678136963880729e-04
13823, 3.920181134460000e-01, 4.037716957160000e-02, 5.075255553392710e+05, -5.002690443309865e-01, 7.329132959258142e-04, 8.508402494772270e-04
13824, 3.923979948090000e-01, 4.081986635960000e-02, 4.995894949492948e+05, -5.302383365760994e-01, 8.142459705362606e-04, 9.513464957660349e-04
13825, 3.927764872520000e-01, 4.126323629950000e-02, 4.889276140327432e+05, -5.705012641962459e-01, 9.349031548654655e-04, 1.096640054612617e-03
13826, 3.931542959720000e-01, 4.170700653490000e-02, 4.671552073515730e+05, -6.527213566153499e-01, 1.360593522274722e-03, 1.390610380268558e-03
13827, 3.935849420950000e-01, 4.208952694270000e-02, 4.380899836483800e+05, -7.624816331917202e-01, 1.476694254991151e-03, 8.924491143161654e-04
13828, 3.941278276990000e-01, 4.229536632880000e-02, 4.321781592644742e+05, -7.848067143978610e-01, 8.881034382940584e-04, 1.840358516004585e-04
13829, 3.947039946140000e-01, 4.232142085780000e-02, 4.554336458919885e+05, -6.969860022567863e-01, -3.969870521788147e-04, 6.835733345487834e-05
13830, 3.952414316370000e-01, 4.210361449380000e-02, 4.636015425349927e+05, -6.661412166209250e-01, -3.166442403981460e-04, 2.037868062162641e-04
13831, 3.957366419980000e-01, 4.165682669980000e-02, 4.659647860946202e+05, -6.572167965176814e-01, -3.030452794547693e-04, 4.158974269134337e-04
13832, 3.960040926400000e-01, 4.105694335170000e-02, 4.810359710517802e+05, -6.003028210353668e-01, -9.693386383204551e-05, 4.007358929091683e-04
13833, 3.960432294310000e-01, 4.038935851210000e-02, 4.835364781265015e+05, -5.908600467114786e-01, 3.186885542917299e-05, 1.651037628859899e-04
13834, 3.957582495530000e-01, 3.978329802630000e-02, 4.829984042703496e+05, -5.928919985682007e-01, -2.021540737974926e-05, -4.117679168584854e-05
13835, 3.954516614500000e-01, 3.918439286070000e-02, 4.826948370536065e+05, -5.940383727371903e-01, -8.645308753816197e-05, -1.595411985845938e-04
13836, 3.951172148410000e-01, 3.860032759460000e-02, 4.819694516847752e+05, -5.967776772586492e-01, -1.295987842908563e-04, -2.215247695106275e-04
13837, 3.947718195810000e-01, 3.802233093120000e-02, 4.812443216967087e+05, -5.995160173745472e-01, -1.548594770509748e-04, -2.604135075195793e-04
13838, 3.944287845240000e-01, 3.744265512310000e-02, 4.803727335627848e+05, -6.028074337977299e-01, -2.010661767414433e-04, -3.329280058816103e-04
13839, 3.940753122800000e-01, 3.686904503020000e-02, 4.792879529384548e+05, -6.069039383547572e-01, -2.245428108709185e-04, -3.532225970993014e-04
13731, 3.500443242220000e-01, 5.641353899100000e-03, 4.681117891680889e+05, -6.491089748280671e-01, -5.098962054822361e-04, -2.884985383097094e-04
13732, 3.505637162780000e-01, 5.940782778940000e-03, 4.677981851563997e+05, -6.502932513851640e-01, -5.166677375573999e-04, -2.993732545539528e-04
13733, 3.510818259430000e-01, 6.242514459830000e-03, 4.676331950140293e+05, -6.509163108821037e-01, -5.515835912187015e-04, -3.205442525427836e-04
13982, 3.178902493130000e-01, -1.577351750830000e-02, 6.856400316055653e+05, 1.723524492065348e-01, 7.652497145376116e-04, -3.881149247477514e-04
13983, 3.172381211390000e-01, -1.542217049870000e-02, 6.935592297367288e+05, 2.022580637655616e-01, 6.473660609687537e-04, -3.547490820242760e-04
13984, 3.165914261590000e-01, -1.506177750620000e-02, 6.984029100183656e+05, 2.205494656411839e-01, 4.955589597959916e-04, -2.748796600705485e-04
13985, 3.159437285220000e-01, -1.470418892350000e-02, 7.028050395551614e+05, 2.371734201105463e-01, 4.480632152949646e-04, -2.614545141333005e-04
13986, 3.153142180910000e-01, -1.431649915380000e-02, 7.065044645917513e+05, 2.511437208154763e-01, 3.206992293063901e-04, -2.004265362392478e-04
13987, 3.146902021260000e-01, -1.392077589760000e-02, 7.088229560448006e+05, 2.598991415796619e-01, 2.060086189989945e-04, -1.312251008990661e-04
13988, 3.140682128730000e-01, -1.352280828180000e-02, 7.102951330858034e+05, 2.654585881829267e-01, 1.098100952375385e-04, -7.377808832369227e-05
13989, 3.134651652570000e-01, -1.309771060360000e-02, 7.109894294773387e+05, 2.680804900385288e-01, -3.818924197979782e-05, 2.901914466785681e-05
13990, 3.128945318340000e-01, -1.263095450050000e-02, 7.095995896435798e+05, 2.628319770352219e-01, -1.929469863583009e-04, 1.707827604605308e-04
13991, 3.123622506590000e-01, -1.212149012380000e-02, 7.069167836361043e+05, 2.527007792715897e-01, -2.379056670209119e-04, 2.324154924897608e-04
13992, 3.118408098440000e-01, -1.160154936560000e-02, 7.037671487133449e+05, 2.408066750401234e-01, -2.818043953474057e-04, 2.766814131704139e-04
13993, 3.113117696170000e-01, -1.109010600060000e-02, 6.980352607149606e+05, 2.191610954831931e-01, -5.227102731196458e-04, 5.298555611955659e-04
13994, 3.108080730920000e-01, -1.055469542100000e-02, 6.888017782510378e+05, 1.842922914666632e-01, -5.551008618821439e-04, 6.490572248241936e-04
13995, 3.103577327050000e-01, -9.974588816240000e-03, 6.772588410912168e+05, 1.407021925875537e-01, -5.746429491349455e-04, 8.075898977051246e-04
13996, 3.099574163140000e-01, -9.359202077940000e-03, 6.667814908007825e+05, 1.011361160484884e-01, -5.720329453148962e-04, 8.775790710277193e-04
13997, 3.095562528620000e-01, -8.745005901780000e-03, 6.525516952764238e+05, 4.739951631238452e-02, -6.699942520152605e-04, 1.107903709972117e-03
13998, 3.091991276850000e-01, -8.105294626090000e-03, 6.316721255203692e+05, -3.144891694321151e-02, -6.751919349646567e-04, 1.290841848849414e-03
13999, 3.088774555500000e-01, -7.447271240210000e-03, 6.082511583047842e+05, -1.198945406727926e-01, -6.807651522205491e-04, 1.496221277594364e-03
14000, 3.085931283800000e-01, -6.773397640190000e-03, 5.733334228910118e+05, -2.517559134106584e-01, -6.760178857972795e-04, 1.779024430128272e-03
14001, 3.083582517970000e-01, -6.080922538190000e-03, 5.234145995708258e+05, -4.402665510696651e-01, -5.259149470753588e-04, 2.097139117500536e-03
14002, 3.082393749520000e-01, -5.362770016970000e-03, 4.670409861723402e+05, -6.531526950544240e-01, -2.070630129928503e-04, 2.306648892960598e-03
14003, 3.082284020350000e-01, -4.634416928910000e-03, 4.326638187099309e+05, -7.829726973746445e-01, 1.621418750165061e-04, 2.429508279348949e-03
13726, 3.083361242070000e-01, -3.913094441060000e-03, 4.189478998325469e+05, -8.347687222342550e-01, 4.109746071397039e-04, 1.639317783133836e-03
9680, 3.085804339410000e-01, -3.230212986110000e-03, 4.386789291919487e+05, -7.602575723549405e-01, 3.685132297443418e-04, 7.821860527738413e-04
9695, 3.089526352380000e-01, -2.604521801310000e-03, 4.468912088901426e+05, -7.292451810449345e-01, -2.942210717371651e-04, -3.995007933997683e-04
9721, 3.095146713300000e-01, -1.961681891700000e-03, 4.664742040911298e+05, -6.552930590381130e-01, -3.661602823314985e-04, -3.665670025081684e-04
9773, 3.101596252050000e-01, -1.396191145010000e-03, 4.646829605037727e+05, -6.620574106072487e-01, -4.504742442585885e-04, -2.835158723951915e-04
9779, 3.109480091120000e-01, -1.059579236820000e-03, 4.704843365757008e+05, -6.401494201964120e-01, -4.633037285808635e-04, -1.718689158888835e-04
9781, 3.117681576550000e-01, -7.994838204210000e-04, 4.675645479190916e+05, -6.511755459116864e-01, -4.317789501842223e-04, -6.713713087742651e-05
9783, 3.126276403690000e-01, -7.984140654310000e-04, 4.745478682519701e+05, -6.248041276495957e-01, -6.033916186983505e-04, 2.257309135559303e-05
9787, 3.134889760550000e-01, -8.638602382330000e-04, 4.673700917184915e+05, -6.519098793741712e-01, -2.610395622601691e-04, 1.927101129195853e-05
9789, 3.143517186010000e-01, -9.256925928290000e-04, 4.741566115330584e+05, -6.262816475241595e-01, -1.409347753841277e-04, 9.920794845917610e-06
9795, 3.152156760910000e-01, -9.854075055479999e-04, 4.748889832147869e+05, -6.235159602834868e-01, -1.537305449471226e-04, 1.046141608954819e-05
9801, 3.160807896700000e-01, -1.043356469630000e-03, 4.749394810424232e+05, -6.233252631264834e-01, -1.474933569968090e-04, 9.218678165711944e-06
9813, 3.169473900520000e-01, -1.093643659410000e-03, 4.749349101736250e+05, -6.233425242984117e-01, -1.449419092400853e-04, 8.239756461651755e-06
9823, 3.178150881410000e-01, -1.141949051360000e-03, 4.749222104828821e+05, -6.233904826964827e-01, -1.450396793108059e-04, 7.815649810620025e-06
9928, 3.186839010050000e-01, -1.187217787300000e-03, 4.748338779470169e+05, -6.237240567183537e-01, -1.451960906839490e-04, 6.592367153037524e-06
9942, 3.195541625910000e-01, -1.220908596530000e-03, 4.746760829984492e+05, -6.243199446899727e-01, -1.477488697265326e-04, 5.372575993358103e-06
9958, 3.204254771740000e-01, -1.250546531090000e-03, 4.744849377820228e+05, -6.250417747379868e-01, -1.524596822346455e-04, 4.461791938399795e-06
9974, 3.212978991460000e-01, -1.271939725480000e-03, 4.742835277686428e+05, -6.258023681880693e-01, -1.749451367011057e-04, 4.265341104607592e-06
9977, 3.221711741320000e-01, -1.293108405810000e-03, 4.741170867101734e+05, -6.264309068429863e-01, -1.872172014368027e-04, 4.515185751223723e-06
9979, 3.230452686200000e-01, -1.314081674460000e-03, 4.739867751979734e+05, -6.269230079107855e-01, -1.922234363959996e-04, 3.934422285048846e-06
9982, 3.239202722220000e-01, -1.328908881720000e-03, 4.738596427368773e+05, -6.274031037887402e-01, -1.989690735492757e-04, 1.992440121589493e-06
9984, 3.247961488740000e-01, -1.331614670940000e-03, 4.737315562590443e+05, -6.278868023618602e-01, -2.046451911182391e-04, -1.486981890499483e-06
10589, 3.256726136050000e-01, -1.316176112930000e-03, 4.735676270730884e+05, -6.285058553226494e-01, -2.074157860833472e-04, -6.520491357359793e-06
9972, 3.265490050280000e-01, -1.276510459160000e-03, 4.732841210496954e+05, -6.295764715290286e-01, -2.115102773688801e-04, -1.278932679987038e-05
9970, 3.274244742370000e-01, -1.210246895640000e-03, 4.728218388907011e+05, -6.313222078820560e-01, -2.137076581055818e-04, -1.802512003331986e-05
9967, 3.282993379940000e-01, -1.128879054230000e-03, 4.724369258654157e+05, -6.327757717886892e-01, -2.620743293853270e-04, -2.442669348366926e-05
9965, 3.291747838210000e-01, -1.047108919440000e-03, 4.722210247901297e+05, -6.335910884701814e-01, -3.045521063178341e-04, -2.716723004247317e-05
9963, 3.300514678210000e-01, -9.725822725399999e-04, 4.722607865682249e+05, -6.334409343270219e-01, -2.994212440088819e-04, -2.751027851737279e-05
9960, 3.309275855580000e-01, -8.860646884930000e-04, 4.721936726279353e+05, -6.336943796375945e-01, -2.964253519281405e-04, -3.400919949107074e-05
9956, 3.318010397290000e-01, -7.718520055230000e-04, 4.718454454358129e+05, -6.350094052265621e-01, -3.016284447133926e-04, -4.410632677367867e-05
9954, 3.326711546370000e-01, -6.311072105140000e-04, 4.714200581165293e+05, -6.366158139813491e-01, -3.305061868663609e-04, -5.359854090366037e-05
9952, 3.335416288700000e-01, -4.895788076900000e-04, 4.714062002845126e+05, -6.366681459190087e-01, -3.388802712430458e-04, -5.565313752499738e-05
9950, 3.344120730240000e-01, -3.452021914460000e-04, 4.715247853691230e+05, -6.362203278730310e-01, -3.460646774448743e-04, -6.309569946301957e-05
9948, 3.352778300570000e-01, -1.730286497510000e-04, 4.712179799615048e+05, -6.373789305639713e-01, -3.342099419708249e-04, -7.340024134149140e-05
9946, 3.361364430790000e-01, 3.350939760090000e-05, 4.706489742869029e+05, -6.395276916007208e-01, -3.419814973221170e-04, -8.473787003856486e-05
9944, 3.369925424030000e-01, 2.518512723110000e-04, 4.705696841395517e+05, -6.398271184550235e-01, -3.937078479328378e-04, -9.954728675037254e-05
9940, 3.378498487930000e-01, 4.667364486410000e-04, 4.707345481274664e+05, -6.392045353606770e-01, -3.889236123267014e-04, -1.040059132482624e-04
9938, 3.387002109640000e-01, 7.085158269510000e-04, 4.704005263325258e+05, -6.404659164864377e-01, -3.722755705262150e-04, -1.136156308419322e-04
9936, 3.395409446820000e-01, 9.828458618139999e-04, 4.698256194672923e+05, -6.426369624476890e-01, -3.772032596191951e-04, -1.265444854936809e-04
9934, 3.403772865040000e-01, 1.271142622800000e-03, 4.696517182524551e+05, -6.432936732176596e-01, -4.350716790007368e-04, -1.488976049652024e-04
9930, 3.412150928630000e-01, 1.555801231100000e-03, 4.697920606260230e+05, -6.427636921689843e-01, -4.306318498601005e-04, -1.522654690459515e-04
9831, 3.420457468970000e-01, 1.861087152930000e-03, 4.695136000352183e+05, -6.438152550874212e-01, -4.172816841715664e-04, -1.613056731087330e-04
9825, 3.428659218890000e-01, 2.193950705010000e-03, 4.689849761411558e+05, -6.458115206386408e-01, -4.220612636452542e-04, -1.748736581326918e-04
9817, 3.436813125740000e-01, 2.538755012290000e-03, 4.688116048587472e+05, -6.464662302015843e-01, -4.738540136897302e-04, -1.993760149753285e-04
9811, 3.444980199180000e-01, 2.880662628240000e-03, 4.689634600099403e+05, -6.458927729468008e-01, -4.698877941671756e-04, -2.025508058417691e-04
9807, 3.453073782790000e-01, 3.239690263190000e-03, 4.687171280372833e+05, -6.468230071581228e-01, -4.585552411226690e-04, -2.112120774226128e-04
9803, 3.461063171840000e-01, 3.621449726940000e-03, 4.682611397662994e+05, -6.485449756263466e-01, -4.594615939445152e-04, -2.230909629988563e-04
9797, 3.469004339150000e-01, 4.013196298580000e-03, 4.680440538249579e+05, -6.493647667693909e-01, -5.234546104365803e-04, -2.564779253792869e-04
9769, 3.476966225480000e-01, 4.400654288990000e-03, 4.683441660710042e+05, -6.482314397574822e-01, -5.178605886495312e-04, -2.549678273992954e-04
13728, 3.484891462020000e-01, 4.795396236280000e-03, 4.685125122858693e+05, -6.475957065770718e-01, -5.076267070518774e-04, -2.607618791246158e-04
9705, 3.492715321200000e-01, 5.209666844360000e-03, 4.682614999587078e+05, -6.485436154159875e-01, -5.026373925827699e-04, -2.734156144228923e-04
13917, 3.617093741540000e-01, -4.657000857270000e-03, 4.662502834781876e+05, -6.561386602507054e-01, -2.313166506615956e-04, -2.011995770002489e-04
13918, 3.612007969280000e-01, -5.099337991590000e-03, 4.657685290239269e+05, -6.579579306847306e-01, -2.313124080545959e-04, -2.013102169175143e-04
13919, 3.606926628630000e-01, -5.541840422320000e-03, 4.651698668018226e+05, -6.602186850400041e-01, -2.360450242862698e-04, -2.032541828489576e-04
13920, 3.601798068410000e-01, -5.978494442600000e-03, 4.644924697578241e+05, -6.627767691497483e-01, -2.396627054952014e-04, -2.004991863422612e-04
13921, 3.596596491760000e-01, -6.406048323570000e-03, 4.637615929300052e+05, -6.655368113081661e-01, -2.431318210705975e-04, -1.961482993465456e-04
13922, 3.591319459250000e-01, -6.823863574950000e-03, 4.630100911754600e+05, -6.683747402802198e-01, -2.463750564698150e-04, -1.928016498423622e-04
13923, 3.585997151350000e-01, -7.235503361580000e-03, 4.622432780153900e+05, -6.712704903832007e-01, -2.383007400721497e-04, -1.846627403868176e-04
13924, 3.580684540080000e-01, -7.647979067470000e-03, 4.614268640986797e+05, -6.743535499947140e-01, -2.357134956349338e-04, -1.833436919229993e-04
13925, 3.575381261440000e-01, -8.061233107730000e-03, 4.604598066091501e+05, -6.780054915245622e-01, -2.363316395237759e-04, -1.820151902596571e-04
13926, 3.570033616230000e-01, -8.468279698780000e-03, 4.594097420042749e+05, -6.819708964576578e-01, -2.362035481155931e-04, -1.763431967408999e-04
13927, 3.564613316160000e-01, -8.865138852650001e-03, 4.582827868772493e+05, -6.862266664353681e-01, -2.371247716048210e-04, -1.697248266148682e-04
13928, 3.558461976570000e-01, -9.296533331520000e-03, 4.568802757256976e+05, -6.915230306907324e-01, -2.374266245686657e-04, -1.644634864807282e-04
13929, 3.552260407770000e-01, -9.720814742280001e-03, 4.554619862710758e+05, -6.968789792426625e-01, -2.183096037933495e-04, -1.500558345423277e-04
13930, 3.546076917590000e-01, -1.014782449270000e-02, 4.538590456674012e+05, -7.029322340117112e-01, -2.076781808505513e-04, -1.436270481828530e-04
13931, 3.539898935240000e-01, -1.057571524430000e-02, 4.521922565222165e+05, -7.092266028229812e-01, -1.997772638141630e-04, -1.368619373565146e-04
13932, 3.533677304930000e-01, -1.099728802960000e-02, 4.500061634105484e+05, -7.174820419349820e-01, -1.844962060479743e-04, -1.223568370889553e-04
13933, 3.527372983760000e-01, -1.140642923970000e-02, 4.474510344651671e+05, -7.271310872200706e-01, -1.670222576794452e-04, -1.055972447844760e-04
13934, 3.520973145560000e-01, -1.180048889960000e-02, 4.445513098790739e+05, -7.380814441075670e-01, -1.502344509681668e-04, -8.978961973110514e-05
13935, 3.514471404590000e-01, -1.217750929500000e-02, 4.411591205285201e+05, -7.508915172423321e-01, -1.335742596397481e-04, -7.556529327249460e-05
13936, 3.507890625570000e-01, -1.254058992090000e-02, 4.374242154376492e+05, -7.649958028293531e-01, -1.110729877133073e-04, -6.081562578467524e-05
13937, 3.501286596370000e-01, -1.289941511500000e-02, 4.330726015657998e+05, -7.814289927818973e-01, -8.719474413258736e-05, -4.778060389245001e-05
13938, 3.494708556470000e-01, -1.326293531960000e-02, 4.289112873082180e+05, -7.971435459708752e-01, -5.634882478958766e-05, -3.123873185490576e-05
13939, 3.488140545960000e-01, -1.362820749930000e-02, 4.236734336220865e+05, -8.169234821285041e-01, -3.368462023894258e-06, -1.847451532613148e-06
13940, 3.481530424730000e-01, -1.398569720640000e-02, 4.172451276328938e+05, -8.411989754292426e-01, 8.009819820969028e-05, 4.208919681089853e-05
13941, 3.474837268650000e-01, -1.432725475560000e-02, 4.095589685641392e+05, -8.702245543758037e-01, 1.716119343312864e-04, 8.447940895127612e-05
13942, 3.468049015920000e-01, -1.464934653390000e-02, 4.008995763319730e+05, -9.029253963198284e-01, 2.250853482911511e-04, 1.024087697256755e-04
13943, 3.461161592090000e-01, -1.494946727290000e-02, 3.917709278081442e+05, -9.373983113393624e-01, 2.436980607321687e-04, 1.026120803110872e-04
13944, 3.454202285960000e-01, -1.523238021190000e-02, 3.813381894365852e+05, -9.767959179363294e-01, 1.913319442912195e-04, 7.710486204133523e-05
13945, 3.447226668320000e-01, -1.551103077910000e-02, 3.647641548455941e+05, -1.039385170276873e+00, 1.740248828356680e-04, 7.046726743253007e-05
13946, 3.440278487490000e-01, -1.579619155570000e-02, 3.446309928134013e+05, -1.115414911371472e+00, 4.748360269448545e-04, 1.948981722259108e-04
13947, 3.433331504380000e-01, -1.608136283080000e-02, 3.145973405656090e+05, -1.228832307052968e+00, 1.162003560933697e-03, 4.641771318359735e-04
13948, 3.426332990050000e-01, -1.635326222410000e-02, 2.925610354392951e+05, -1.312048970722403e+00, 1.932521551777740e-03, 7.158326830924514e-04
13949, 3.419253266330000e-01, -1.660284021910000e-02, 2.962468615058337e+05, -1.298130024403361e+00, 2.105833944209547e-03, 6.997714869778044e-04
13950, 3.412089223530000e-01, -1.682658452500000e-02, 3.128304349861428e+05, -1.235504749937528e+00, 2.088448564054595e-03, 6.110804380119815e-04
13951, 3.404850258490000e-01, -1.702427249620000e-02, 3.290622200211965e+05, -1.174207949576760e+00, 1.941536010213885e-03, 5.125130397585731e-04
13952, 3.397579969020000e-01, -1.720958963510000e-02, 3.329362345847517e+05, -1.159578338798640e+00, 1.708376191987160e-03, 4.412735679403517e-04
13953, 3.390323310980000e-01, -1.739950354830000e-02, 3.259296642866387e+05, -1.186037556922194e+00, 1.759956884814250e-03, 4.664641178114310e-04
13954, 3.383080256020000e-01, -1.759389426730000e-02, 3.172744921258948e+05, -1.218722462425776e+00, 2.179383599225934e-03, 5.658313803951638e-04
13955, 3.375808366520000e-01, -1.777635373030000e-02, 3.215686557442388e+05, -1.202506224380382e+00, 2.339471378931895e-03, 5.435917897119906e-04
13956, 3.368479090690000e-01, -1.793316208930000e-02, 3.427114706724244e+05, -1.122663686857929e+00, 2.446820035700173e-03, 4.711939928839330e-04
13957, 3.361093725400000e-01, -1.805971950310000e-02, 3.723032752826202e+05, -1.010914859751803e+00, 2.351517585252514e-03, 3.512984196032810e-04
13958, 3.353662928290000e-01, -1.815450402050000e-02, 4.043474228449595e+05, -8.899051426062229e-01, 2.179573477742855e-03, 2.507448626040427e-04
13959, 3.346212788690000e-01, -1.823091439370000e-02, 4.281856162690900e+05, -7.998839292815808e-01, 1.795912713496522e-03, 1.873781459525925e-04
13960, 3.338767717720000e-01, -1.830991452120000e-02, 4.372493719360059e+05, -7.656560719982373e-01, 1.669383053406868e-03, 1.837096850549677e-04
13961, 3.331331346140000e-01, -1.839467939170000e-02, 4.352513582364293e+05, -7.732012585933372e-01, 1.827989153987569e-03, 1.876216822399525e-04
13962, 3.323880749980000e-01, -1.846271181350000e-02, 4.384385029070061e+05, -7.611655046592297e-01, 1.965164777906166e-03, 1.372596606240077e-04
13963, 3.316410682510000e-01, -1.849889483710000e-02, 4.536779913461031e+05, -7.036159573707313e-01, 2.068133375322696e-03, 5.329258645397229e-05
13964, 3.308934582970000e-01, -1.850122576560000e-02, 4.775410874573934e+05, -6.135007029384735e-01, 1.973836236078102e-03, -2.487741287122013e-05
13965, 3.301463683280000e-01, -1.848005625950000e-02, 5.003167627787828e+05, -5.274919232360592e-01, 1.693960036206177e-03, -4.664671304894219e-05
13966, 3.293995334950000e-01, -1.846008743880000e-02, 5.121600153700368e+05, -4.827677300471712e-01, 1.570055751515899e-03, -3.704517906794580e-05
13967, 3.286528798210000e-01, -1.844481767060000e-02, 5.166593438216149e+05, -4.657767190611143e-01, 1.646541365589445e-03, -5.453251529548734e-05
13968, 3.279072074900000e-01, -1.841066244870000e-02, 5.243796251102980e+05, -4.366222828817655e-01, 1.726444521074879e-03, -1.182346667352774e-04
13969, 3.271641741870000e-01, -1.834286442950000e-02, 5.394467280216253e+05, -3.797237226078172e-01, 1.748966764400988e-03, -2.023488781211996e-04
13970, 3.264256125830000e-01, -1.823924748910000e-02, 5.598962705630771e+05, -3.024992199468099e-01, 1.669821021905498e-03, -2.616814847476569e-04
13971, 3.256910281760000e-01, -1.811200433710000e-02, 5.786957226984082e+05, -2.315060259177717e-01, 1.396504680704388e-03, -2.393450342259077e-04
13972, 3.249563382720000e-01, -1.798743056710000e-02, 5.896469214797518e+05, -1.901505345801618e-01, 1.304090921033258e-03, -2.168777305451904e-04
13973, 3.242212165300000e-01, -1.786756630830000e-02, 5.964165146605518e+05, -1.645862235181937e-01, 1.342034195772779e-03, -2.370132975763878e-04
13974, 3.234899170930000e-01, -1.772844959600000e-02, 6.046487211490012e+05, -1.334985817978676e-01, 1.363745646343002e-03, -2.934992434099367e-04
13975, 3.227665202320000e-01, -1.755449307210000e-02, 6.166308223942829e+05, -8.825004835879001e-02, 1.354302631725833e-03, -3.634083725372564e-04
13976, 3.220535909760000e-01, -1.734303135610000e-02, 6.328299015448168e+05, -2.707675666140700e-02, 1.299041749974753e-03, -4.150002885889076e-04
13977, 3.213504158080000e-01, -1.710209518370000e-02, 6.465230931188025e+05, 2.463344208751196e-02, 1.111529612578345e-03, -3.843524731651211e-04
13978, 3.206489719650000e-01, -1.685733238360000e-02, 6.562296680664055e+05, 6.128880595939319e-02, 9.305441584402748e-04, -3.179434690448993e-04
13979, 3.199447906320000e-01, -1.662182851330000e-02, 6.627635669777300e+05, 8.596305443422070e-02, 9.730893602422413e-04, -3.352685119834073e-04
13980, 3.192454277440000e-01, -1.637375481950000e-02, 6.694317252020939e+05, 1.111443122299686e-01, 9.197495356729792e-04, -3.515614392201416e-04
13981, 3.185593454560000e-01, -1.609226140710000e-02, 6.774142653687092e+05, 1.412891280902169e-01, 8.678440163364551e-04, -3.843865479192911e-04
13840, 3.937057988320000e-01, 3.630534467970000e-02, 4.783497064536287e+05, -6.104470796263660e-01, -2.451024326859325e-04, -3.690569898957510e-04
13841, 3.933294154960000e-01, 3.574592920120000e-02, 4.776848891331975e+05, -6.129576583753357e-01, -2.530142363489173e-04, -3.759043934174793e-04
13842, 3.929527074020000e-01, 3.518647334160000e-02, 4.770888952167290e+05, -6.152083362912339e-01, -2.601595313715400e-04, -3.867750195516982e-04
13843, 3.925764294700000e-01, 3.462647690440000e-02, 4.764363995373351e+05, -6.176723842877849e-01, -2.761617443929034e-04, -4.056430666568550e-04
13844, 3.921932516900000e-01, 3.407093887580000e-02, 4.758353001800692e+05, -6.199423421032528e-01, -2.813865742219807e-04, -4.048752257062460e-04
13845, 3.918060211060000e-01, 3.351796893410000e-02, 4.754727175207923e+05, -6.213115788712344e-01, -2.755606919342106e-04, -3.956815719354205e-04
13846, 3.914215511320000e-01, 3.296284291440000e-02, 4.751605778048105e+05, -6.224903257443530e-01, -2.749817099685652e-04, -3.975522055347185e-04
13847, 3.910376465020000e-01, 3.240709862010000e-02, 4.748136515006118e+05, -6.238004387333093e-01, -2.763208196097561e-04, -3.995628173154748e-04
13848, 3.906530644390000e-01, 3.185160305720000e-02, 4.745341128764186e+05, -6.248560726764210e-01, -2.721695267230211e-04, -3.934813862856030e-04
13849, 3.902688536000000e-01, 3.129563805180000e-02, 4.743103632627628e+05, -6.257010281369226e-01, -2.681987985125482e-04, -3.892427378563949e-04
13850, 3.898860872510000e-01, 3.073847241610000e-02, 4.741369494143003e+05, -6.263558984439185e-01, -2.646005414192475e-04, -3.863442475934643e-04
13851, 3.895048254920000e-01, 3.018007773230000e-02, 4.739733740043808e+05, -6.269736154247750e-01, -2.612409434812478e-04, -3.831740913487605e-04
13852, 3.891242374960000e-01, 2.962103238650000e-02, 4.737800444146562e+05, -6.277036944172943e-01, -2.591207525001777e-04, -3.806707669176793e-04
13853, 3.887436301510000e-01, 2.906181602830000e-02, 4.736578114971990e+05, -6.281652879341322e-01, -2.550053682694252e-04, -3.746041988846195e-04
13854, 3.883628452530000e-01, 2.850254326150000e-02, 4.735616451684805e+05, -6.285284450508729e-01, -2.499647656377303e-04, -3.670373478001467e-04
13855, 3.879818462970000e-01, 2.794324587840000e-02, 4.734974301372996e+05, -6.287709430840808e-01, -2.440801984604085e-04, -3.583513094362351e-04
13856, 3.876008401230000e-01, 2.738378992610000e-02, 4.734558131572022e+05, -6.289281031077715e-01, -2.375844691248094e-04, -3.491628943448495e-04
13857, 3.872202120950000e-01, 2.682392017760000e-02, 4.734283272149853e+05, -6.290318994745393e-01, -2.319124154202931e-04, -3.414398764037388e-04
13858, 3.868399989250000e-01, 2.626361908860000e-02, 4.734036742733136e+05, -6.291249974573363e-01, -2.280160033621882e-04, -3.359028263669086e-04
13859, 3.864595445080000e-01, 2.570333921560000e-02, 4.733874376423599e+05, -6.291863125575516e-01, -2.246416664758256e-04, -3.303301617755234e-04
13860, 3.860782543350000e-01, 2.514349200980000e-02, 4.733920352761931e+05, -6.291689503116500e-01, -2.193197309973319e-04, -3.216818090804636e-04
13861, 3.856963463180000e-01, 2.458393708370000e-02, 4.734149802512972e+05, -6.290823021977672e-01, -2.129002994696075e-04, -3.118913534535630e-04
13862, 3.853143132350000e-01, 2.402434551620000e-02, 4.734459332845100e+05, -6.289654129035023e-01, -2.070693647056153e-04, -3.033977783240100e-04
13863, 3.849323782210000e-01, 2.346457196820000e-02, 4.734757739927868e+05, -6.288527241305842e-01, -2.020943746920751e-04, -2.962593122089540e-04
13864, 3.845505067760000e-01, 2.290464697660000e-02, 4.735013751290215e+05, -6.287560454391528e-01, -1.972029869884242e-04, -2.891884708844726e-04
13865, 3.841686540660000e-01, 2.234460809780000e-02, 4.735218860564759e+05, -6.286785891259581e-01, -1.921938575491980e-04, -2.818816985755637e-04
13866, 3.837867636280000e-01, 2.178450079410000e-02, 4.735342713224165e+05, -6.286318181040318e-01, -1.884515512288857e-04, -2.761910893381942e-04
13867, 3.834044454700000e-01, 2.122459818950000e-02, 4.735358809583744e+05, -6.286257395653037e-01, -1.864513228907847e-04, -2.724523544240132e-04
13868, 3.830209346180000e-01, 2.066543167930000e-02, 4.735303661652444e+05, -6.286465653200057e-01, -1.842752814146394e-04, -2.676787846803945e-04
13869, 3.826354488620000e-01, 2.010755158470000e-02, 4.735266813058268e+05, -6.286604806159263e-01, -1.819825038667465e-04, -2.620064054040823e-04
13870, 3.822472303530000e-01, 1.955150331250000e-02, 4.735376309051284e+05, -6.286191311647740e-01, -1.796857358852440e-04, -2.560474218087880e-04
13871, 3.818563059780000e-01, 1.899729357960000e-02, 4.735679941086603e+05, -6.285044692701524e-01, -1.784155517791304e-04, -2.521518649084245e-04
13872, 3.814637320640000e-01, 1.844419762780000e-02, 4.735818180428260e+05, -6.284522653424311e-01, -1.730732219509748e-04, -2.436057250823608e-04
13873, 3.810706298140000e-01, 1.789143093110000e-02, 4.736213177736762e+05, -6.283031007797536e-01, -1.674163685035793e-04, -2.356837067239930e-04
13874, 3.806781048620000e-01, 1.733821538290000e-02, 4.736283365827333e+05, -6.282765953438690e-01, -1.645707923416669e-04, -2.323272223389188e-04
13875, 3.802864310600000e-01, 1.678436499500000e-02, 4.736051060647385e+05, -6.283643217658691e-01, -1.643060343003296e-04, -2.322666866287858e-04
13876, 3.798945838700000e-01, 1.623061257640000e-02, 4.735582178067583e+05, -6.285413879469743e-01, -1.641475079960068e-04, -2.313939579751996e-04
13877, 3.795014289950000e-01, 1.567777046270000e-02, 4.734984052271660e+05, -6.287672608095349e-01, -1.641703803386286e-04, -2.298375879141607e-04
13878, 3.791059729610000e-01, 1.512656184110000e-02, 4.734345510049734e+05, -6.290083963039661e-01, -1.643441733907136e-04, -2.277307339877554e-04
13879, 3.787074523420000e-01, 1.457756178340000e-02, 4.733619878084136e+05, -6.292824198795284e-01, -1.644230282683126e-04, -2.248678936985744e-04
13880, 3.783051448330000e-01, 1.403133487530000e-02, 4.733046947146297e+05, -6.294987782975421e-01, -1.641748921406649e-04, -2.213889874852488e-04
13881, 3.778992848020000e-01, 1.348775206240000e-02, 4.732504545614818e+05, -6.297036077621924e-01, -1.644543502858271e-04, -2.195452629990170e-04
13882, 3.774917412630000e-01, 1.294544751270000e-02, 4.732381554535461e+05, -6.297500534218731e-01, -1.606125097307196e-04, -2.138503519007345e-04
13883, 3.770845234420000e-01, 1.240292371470000e-02, 4.731864554023712e+05, -6.299452905882517e-01, -1.586799284435719e-04, -2.119292289749271e-04
13884, 3.766786135180000e-01, 1.185945297170000e-02, 4.731104394464330e+05, -6.302323529701963e-01, -1.600026827768370e-04, -2.143874948675175e-04
13885, 3.762731133760000e-01, 1.131571587330000e-02, 4.730123556217041e+05, -6.306027512110578e-01, -1.639265983351472e-04, -2.195093993691882e-04
13886, 3.758669228510000e-01, 1.077254131370000e-02, 4.728855500810195e+05, -6.310816125251524e-01, -1.655687732057075e-04, -2.206356930066417e-04
13887, 3.754589456140000e-01, 1.023076208090000e-02, 4.727414501099693e+05, -6.316257835536856e-01, -1.679124808480326e-04, -2.217512421965768e-04
13888, 3.750481204460000e-01, 9.691201502000001e-03, 4.725885716603234e+05, -6.322031051352104e-01, -1.705050919813178e-04, -2.223192961877553e-04
13889, 3.746335708900000e-01, 9.154567079340000e-03, 4.724308284219266e+05, -6.327987978314472e-01, -1.731718105149110e-04, -2.222086748743546e-04
13890, 3.742145039730000e-01, 8.621530801740000e-03, 4.722712836712291e+05, -6.334012936574450e-01, -1.757577162127370e-04, -2.212592013375522e-04
13891, 3.737901427200000e-01, 8.092785854020000e-03, 4.721151253008627e+05, -6.339910013471628e-01, -1.778542618276387e-04, -2.190040055908984e-04
13892, 3.733597591190000e-01, 7.569025537820000e-03, 4.719794321183680e+05, -6.345034254520736e-01, -1.795352805108377e-04, -2.161225913743812e-04
13893, 3.729238508540000e-01, 7.049953256250000e-03, 4.718508270985956e+05, -6.349890822178178e-01, -1.801456757157605e-04, -2.130511013785245e-04
13894, 3.724845037860000e-01, 6.533895985350000e-03, 4.717770879380064e+05, -6.352675466378215e-01, -1.808037752354283e-04, -2.118155846531622e-04
13895, 3.720438785080000e-01, 6.019046370020000e-03, 4.716866482577185e+05, -6.356090779614144e-01, -1.760375026234325e-04, -2.060165720328165e-04
13896, 3.716041190920000e-01, 5.503582364530000e-03, 4.715823737527619e+05, -6.360028543390117e-01, -1.753371105062569e-04, -2.063680697534843e-04
13897, 3.711665204510000e-01, 4.986414497720000e-03, 4.714475986728420e+05, -6.365118113729803e-01, -1.811147698268612e-04, -2.137918514340103e-04
13898, 3.707283825410000e-01, 4.469843709280000e-03, 4.712600491831856e+05, -6.372200627205927e-01, -1.843923580260166e-04, -2.155937747747947e-04
13899, 3.702860765670000e-01, 3.956988861750000e-03, 4.710670654802169e+05, -6.379488355258145e-01, -1.859375264467619e-04, -2.130819041563492e-04
13900, 3.698379257390000e-01, 3.449392192230000e-03, 4.708899349373988e+05, -6.386177413484008e-01, -1.864642258613346e-04, -2.084978248438341e-04
13901, 3.693834077370000e-01, 2.947655909330000e-03, 4.707730473616676e+05, -6.390591490172912e-01, -1.875221833643269e-04, -2.052562203701440e-04
13902, 3.689247572460000e-01, 2.449865042580000e-03, 4.706942925337292e+05, -6.393565543214619e-01, -1.812636373114557e-04, -1.968317060278808e-04
13903, 3.684664489520000e-01, 1.951942898790000e-03, 4.705964091902596e+05, -6.397261954761683e-01, -1.781135988223277e-04, -1.940079955504120e-04
13904, 3.680095152630000e-01, 1.452949233010000e-03, 4.704504610066135e+05, -6.402773459908313e-01, -1.847660002798818e-04, -2.006638048429892e-04
13905, 3.675499479210000e-01, 9.565834509240000e-04, 4.702546508709448e+05, -6.410167923775828e-01, -1.860605619982935e-04, -1.985194058068778e-04
13906, 3.670844737020000e-01, 4.659657526630000e-04, 4.700402658334235e+05, -6.418263839793015e-01, -1.886762718478175e-04, -1.960479740860059e-04
13907, 3.666121578410000e-01, -1.784668542210000e-05, 4.698395351420149e+05, -6.425844120760869e-01, -1.905330665557479e-04, -1.926025250651423e-04
13908, 3.661335882280000e-01, -4.952476821010000e-04, 4.696534435359009e+05, -6.432871579542604e-01, -1.920953340646822e-04, -1.908517432534772e-04
13909, 3.656532074600000e-01, -9.705889932900000e-04, 4.694717763149731e+05, -6.439731958329817e-01, -1.919850511726167e-04, -1.905943597645342e-04
13910, 3.651745105650000e-01, -1.447378027810000e-03, 4.692031694190889e+05, -6.449875478119529e-01, -2.062326094591873e-04, -2.040345531884587e-04
13911, 3.646927516880000e-01, -1.920808092060000e-03, 4.688241598083626e+05, -6.464188183957691e-01, -2.101645127257802e-04, -2.034379691708119e-04
13912, 3.642040415370000e-01, -2.386786140240000e-03, 4.684132208284570e+05, -6.479706652540986e-01, -2.152868350108886e-04, -2.027648991950869e-04
13913, 3.637097836570000e-01, -2.846602805460000e-03, 4.680826592062186e+05, -6.492189795782181e-01, -2.170215400033277e-04, -2.020995002230117e-04
13914, 3.632161257070000e-01, -3.306774522510000e-03, 4.677036392342658e+05, -6.506502892895872e-01, -2.248939200189831e-04, -2.086961279524533e-04
13915, 3.627205565220000e-01, -3.764581702900000e-03, 4.672059726095159e+05, -6.525296495495729e-01, -2.279456101651828e-04, -2.073181379975281e-04
13916, 3.622180927240000e-01, -4.214492550270000e-03, 4.666937642846188e+05, -6.544639242683756e-01, -2.321417662575518e-04, -2.048767515075171e-04
